row,name
16057,Premium Pasta Sauce
16060,Green Beans & Spaetzle In Bavarian Style Sauce
16070,Dark Chocolate
16082,Sparkling Juice Beverage
22386,Pecan Ice Cream
22387,Rice Pasta & Cheddar
22388,Classic Thin Crust Pepperoni Pizza
22389,Jumbo California Pitted Black Olives
22390,Traditional Pasta Sauce
22391,Sliced Pickled Jalapeno Peppers
22392,Tomato Paste
22393,Jumbo Bagels
22394,Soup
22395,Reduced Sodium Traditional Pasta Sauce
22396,Multigrain Waffles
22397,Pinto Beans
22398,Grill Style Beans
22399,Dark Red Kidney Beans
22400,Chicken Breast With Rib Meat
22401,Hard Cooked Peeled Eggs
22402,Vegetable Stock
22403,Banana Pepper Rings
22404,Healthy Cream Of Chicken Condensed Soup
22405,Homestyle Chicken Noodle Condensed Soup
22406,Applesauce
22407,Fudge Pops
22408,Pie Filling Cherry
22409,Kidney Beans
22410,Dark Red Kidney Beans
22411,Kidney Beans
22412,Original Baked Beans
22413,Butter Beans
22414,Pinto Beans
22415,White Potatos
22416,Crushed Tomatos
22417,Corned Beef Harsh
22418,Traditional Pasta Sauce
22419,Mushroom Pasta Sauce
22420,Pasta Sauce Meat Flavoured
22421,Chunky Garden Combo Pasta Sauce
22422,Three Cheese Pasta Sauce
22423,Applesauce
22424,Light Apple Juice Cocktail
22425,Pasteurized Ricotta Cheese
22426,Pasteurized Ricotta Cheese
22427,Ricotta Cheese
22428,Refried Beans Traditional
22429,Shells & Cheese
22430,Condensed Soup
22431,Chunky Clam Chowder
22432,Steak Sauce
22433,Zesty Italian For Dressing & Marinade
22434,Mandarin Oranges In Light Syrup
22435,Homestyle Waffles
22436,Sour Cream
22437,Dip Fresh Onion
22438,Dip Fresh Onion
22439,Sour Cream
22440,Grade A Sour Cream
22441,English Muffins Original
22442,Sour Cream
22443,Classic Pizza Crust
22444,Chunky Soup
22445,Diced Pears
22448,Vegetables & Shells In Garlic Butter Sauce
22449,Tuscan Vegetable & Sauce
22453,Lightly Sauced Tuscan Vegetables With Marinara Sau
22455,Spicy Buffalo Seasoned Cauliflower Florets
22456,Teriyaki Broccoli
22457,Power Blend California Style
22458,Pasta & Carrots With A Tomato Sauce
22459,Asiago Beef
22460,Frozen Chessy Chicken
22461,Hawaiian Style Protein Vegetable Blends
22462,Wars Three Cheese Chicken
22463,Superfood Blends Barley & Kale
22464,Power Blend Quinoa & Spinach
22465,Zucchini Lentil Pasta
22466,Veggie Pasta Rotini Marinara
22467,Veggie Pasta Rotini Alfredo
22468,Riced Cauliflower
22471,Sparkling Mineral Water
22475,Wild Mushroom Pesto
22476,Butternut Squash Ravioli With Sweet Cream & Amaret
22477,Ravioli
22478,Stromboli Crispsy Bites
22479,Ravioli
22480,Spinach & Egg Striped Pasta
22486,Original Bagels With Cream Cheese
22490,Grilled Asparagus Ravioli
22492,Greek Corner Lowfat Yogurt With Fruit
22505,Handmade Egg Salad With Chives
22506,Quinoa Tabouli
22507,All Natural & Vegetarian Orzo Salad
22508,Red & White Potato Salad
22509,All Natural & Vegetarian Salad
22510,Vegetable Couscous Salad
22511,Bow Tie Pasta Salad
22512,Tofu With Roasted Chipotle
22513,Curried Tofu With Cashews & Raisins
22514,9 Grain Salad
22515,All Natural & Vegetarian Quinoa Tabouli
22516,All Natural & Vegetarian Couscous Salad With Orang
22517,Vegetarian Power Salad
22521,Asparagus
22523,Unsweetened Coconut Milk
22524,Sparkling Pink Lemonade
22525,Sparkling Lemonade
22529,Cornichons Baby Sour Gherkins
22534,Sparkling Soda
22537,Energizing Sparkling Juice Beverage
27238,Baked Fish Cakes
27248,Milk Chocolate Creamy & Indulgent
27249,Jolly Santa Milk Chocolate
27250,Harry Hopalot Chocolate
27252,Corned Beef Hash
27267,Swedish Style Ginger Snaps
27284,Diet Soda
27287,Homestyle Chicken Gravy
27298,Baked Beans
27299,Baked Beans
27303,Marinated Artichokes Quarters With Extra Virgin Ol
27305,Sugar Free Maria Cookies
30056,White Potatos Diced
30062,Beef Summer Sausage
30063,Garlic Summer Sausage
30067,Greek Nonfat Yogurt
30075,Grill Style Beans
30076,Boneless Skinless Ice Glazed Chicken Tenderloins
30078,Greek Vanilla Nonfat Yogurt
30079,Fruit Cocktail In Extra Light Syrup
30085,Applesauce
30086,Applesauce
30090,Fruit Cocktail In Heavy Syrup
30091,Fruit Cocktail In Heavy Syrup
30092,Pie Filling
30097,Red Beans
30098,Greta Northern Beans
30099,Great Northern Beans
30100,Golden Hominy
30101,Sauerkraut Shredded
30102,Diced Tomatos
30103,Solid White Tuna Albacore In Water
30105,Applesauce
30108,Mushrooms Whole Button
30109,Mushrooms Sliced Button
30110,Mushrooms Stems & Pieces
30111,Mushrooms Stems & Pieces
30116,Vegetarian Refried Beans
30131,Sliced Strawberries In Sugar
30135,Fat Free Yogurt
30137,Sliced Jalapeno Peppers Pickels
30140,Hot Cured Pork Longanisa
30150,Peas & Pearl Onions In Lightly Seasoned Sauce
30151,Long Grain White Rice
30164,Mashed Cauliflower Roasted Garlic
30165,Mashed Cauliflower Original
30172,Riced Cauliflower
30213,Extra Long Asparagus Spears
30237,Sparkling Water
30238,Sparkling Water
30239,Sparkling Water
30280,Sparkling Botanical Beverage
30306,Pure Butter Festive Stars Mini Shortbread
30327,Pickled Green Asparagus
30330,Whole Asparagus Spears
30331,Cuts & Tips Asparagus
30356,Organic Lemonade
30370,Hot And Sweet Cherry Peppers
30414,Italian Sparkling Mineral Water
30415,Italian Sparkling Mineral Water
36285,Brownie
36287,Chicken Patties
36288,Italia Stracciatella
36289,Dark Chocolate Covered Almonds
36291,Buttermilk Pancakes
36294,Mandarin Oranges In Light Syrup
36296,Crinkle Cut French Fried Potatos
36297,Crinkle Cut French Fried Potatos
36298,Caramel Shishito Mustard
36302,Chutney Mint
36303,Coriander Chutney
36336,Belgian Waffles
36347,Beef Jerky Teriyaki
36350,Our Deli Sandwich
36351,Cooked Apples
36352,Chocolate Trio Dessert
36363,Whole Wheat Bread
36367,Hazelnut Chocolate Spread
36377,Belgian Waffles
36383,Small Batch
36389,Mini Smoked Sausages
36400,Syrup
36401,Homestyle Soft Molasses Cookies
36405,New York Style Cheeseecake
36406,Cheeseecake
36410,Original Tangy Bbq Sauce
36415,Sundae Ice Cream
36418,Streusel Coffee Cake
36419,Mini Homestyle Waffles
36421,Herb Roasted Potatos
36422,Chicken Parmesan With Whole Wheat Spaghetti
36423,Ravioli With Marinara Sauce
36424,Puget Sound Style Cocktail Sauce
36425,Lemon Snaps
36471,Chocolate Chip Muffin
36472,Eff Milk Chocolate
36474,Peanut Butter Cups
36478,Eggs
36479,Milk Chocolate Egg Easter Candy
36480,Reese's Big Cup Pieces Candy
36484,Liquorice Allsorts
36486,Apple Turnover
36487,Sliced Loaf Cake
36489,Chewy Protein Bars
36492,Milk Chocolate
36493,Dark Chocolate Sea Salt Caramels
36494,Dark Chocolate Sea Salt Caramels
36495,Organic Asparagus & Cheese
36497,Shoestrings French Fried Potatos
36498,Rice Mac And Cheese
36504,Salmon Piccata
36505,Shrimp & Kale Piccata
36506,Salmon Piccata
36508,Pickled Green Tomatos
36509,Kosher Dill Pickles
36510,Kosher Dill Relish
36517,Baked Beans
36518,Maple Style Baked Beans
36520,Steak & Cheese Calzone
36521,Flatbread Crust
36522,Steak & Cheese Calzones
36523,Calzone
36527,Artisan Bread Flour
36533,Italian Dessert Bread
36563,Pasta & Cheese Sauce Mix
36577,Cinnamon Crunch Muffins
36580,Mixed Mushrooms In Sunflower Oil
36581,Waffles
36584,Loaded Potato Skins Stuffed With Cheddar Cheese & 
36585,Loaded Potato Skins
36586,Maria Cookies
36587,Maria Cookies
36588,Maria Cookies
36589,Maria Cookies
36590,Wafers
36591,Homestyle Waffles
36592,Bakery Creme Cake
36596,Milk Chocolate Covered Peanut Butter Pretzels
36597,Deli Chicken With Rice & Broccoli
36602,Brick Oven Style Pizza
36603,Oven Rising Pizza Four Cheese
36604,Oven Rising Pizza Pepperoni
36606,Loaf Cake
36608,Chocolate Mint Cookie Bites
36610,Seafood Cocktail Sauce
36611,Walla Walla Sweet Onion Marinara Sauce
36612,Seafood Cocktail Sauce
36613,Sea Salt Caramel Gelato
36615,Pretzels Twists
36619,Coconut
36621,Organic Cultured Plain Soy
36622,Crinkle Cut French Fried Potatos
36623,Fruit Bars
36626,Wraps
36627,Chocolate Dunked Cheeseecake
36651,Party Pizza
36652,Thin Crust Margherita Pizza
36653,Thin Crust Pizza
36657,Golden Delight Crackers
36659,Potato Gnocchi
36660,Potato Gnocchi
36661,Soft Croissant With Chocolate Cream Filling
36664,Chocolate Swirl Cheeseecake
36665,Cookies & Cream Cheeseecake
36691,X Energizing Juice
39118,Eggplant In Adjika Sauce
45891,Cut Asparagus Spears
45892,Cut Asparagus Spears
45895,Cut Asparagus Spears
45897,Asparagus Spears
45903,Black Beans
45905,Sliced Peaches
45906,Sliced Pears In Extra Light Syrup
45907,Chunk Light Tuna In Oil
45909,Mandarin Oranges In Light Syrup
45910,Sliced Peaches In Heavy Syrup
45911,Peach Halves In Heavy Syrup
45912,Peach Halves In Heavy Syrup
45913,Sliced Pears In Heavy Syrup
45914,Pear Halves In Heavy Syrup
45915,Pear Halves In Heavy Syrup
45916,Artichoke Quarters
45917,Green Beans
45918,Golden Wax Beans
45919,Baby Green Lima Beans
45920,Black Beans
45921,Sliced Carrots
45922,Sweet Peas
45923,Very Young Sweet Peas
45924,Peas & Carrots
45925,Yams Cut Sweet Potatos In Syrup
45926,Sauerkraut Shredded
45927,Leaf Spinach
45928,Chunk Light Tuna In Water
45929,Chunk Light Tuna In Water
45931,Blue Lake Green Beans Cut
45932,Green Beans
45933,Carrots Sliced
45934,Golden Sweet Corn
45935,Sweet Peas
45941,Apricot Halves In Heavy Syrup
45958,Natural Passionfruit Essenced Sparkling Water
45964,Deluxe Halved Strawberries In Syrup
45965,Halved Strawberries
45967,Classic Mixed Vegetables
45986,Fancy Asparagus Whole Spears
46003,Extra Long Asparagus Spears
46007,Fresh Cut Asparagus Tips
46008,Slender Whole Asparagus Spears
46044,Cut Asparagus
46045,Asparagus Spears
46059,Pure Butter Scottie Dogs Shortbread
46065,Cut Green Asparagus Spears
46066,Cut Green Asparagus Spears
46067,Whole Green Asparagus Spears
46074,White Asparagus
46076,Asparagus Spears
46077,Cut Asparagus
46078,Asparagus Spears Cuts & Tips
46079,Extra Long Asparagus Spears
46084,Green Asparagus
46109,Sparkling Water
48955,Ove & Grill Ready Cedar Planked Atlantic Salmon
49336,Classics Coconut Gelato
60381,Everyday Fresh Turkey Burger Patties
61666,Blue Lake Green Beans
61667,Diced Beets
61668,Whole Beets
61669,Golden Sweet Corn
61670,Golden Sweet Corn
61674,Vitamin D Milk
61675,Vitamin D Milk
61688,Chopped Onions & Garlic
61696,Yogurt Cranberries
61738,Garlic Sauce
61759,Vitamin D Milk
61772,Iceland Pure Spring Water
61773,Dark Roast Spark Ground Coffee
62374,Pesto Sauce
62964,Light Tuna In Water
65044,Handpicked Asparagus Spears
65046,Iced Tea Blend
65051,Pure Premium Grapefruit Juice
65052,Green Tea
65053,Whole Strawberries
65054,All Natural Blueberries
65055,Whole Strawberries
65056,All Natural Blueberries
65057,Blackberries
65058,Red Raspberries
65059,Beef Liver
65062,Grade A Fancy Brussels Sprouts
65063,Cooked Squash
65066,Pure Sparkling Water
65067,Natural Pure Sparkling Water
65070,Asparagus Spears
65071,Cut Green Beans
65072,Sugar Snap Peas
65073,Cut Green Beans
65074,French Cut Green Beans
65075,Cut Green Beans
65076,Whole Green Beans
65077,Asparagus Spears
65078,Organic Sweet Peas
65079,Organic Super Sweet Corn
65081,Cauliflower Florets
65083,Sparkling Water
65084,Asparagus
65087,Sparkling Water Beverage
65095,Asparagus Spears
65096,Asparagus Spears
65097,Sparkling Water
65098,Sparkling Water
65099,Sparkling Water
65100,Fresh Asparagus
65101,Strawberry Laces
65110,Sparkling Seltzer
65111,Sparkling Seltzer
65115,Pomegranate Balsamic
65120,Pure Coconut Water
67030,American Wild Shrimp
